0,1,2,3,4,5,6,7,8,9,10,11
0.6764048046217787,0.31958955424564234,1.270664882815047,-0.0966920915442195,-0.36120791268556557,1.1537896474802145,-0.1596892817650732,-0.3740349902753304,0.40065080958931043,-1.047950211043895,-0.0618787188811778,0.478206118555065
3.5721503155166188,0.5145023404998569,-0.19301653050273124,-0.631045810428631,0.656140144727693,-1.2327564127852209,0.43433099235995665,-0.3994851067980185,0.12435281037768631,-0.10953955022683765,0.06797119686957949,0.4867352021146585
2.4057660238678475,-1.235068627819306,-0.5919070179535417,-0.007471437970835049,0.5362515929132139,0.4962697357789883,-0.7202755257107147,-0.04238970586035018,0.40857696384956954,0.18598418383615972,0.08904473880966614,0.0349705931339134
-1.3333349383740443,-0.2708793779796269,1.2173305671696155,2.7608481905957385,0.32782336818862484,1.2351113574359407,0.6822919009686965,0.21918762112510365,-0.19674739332251268,-0.3864457769132185,-0.37897354173411524,0.19340478098643352
-1.7490469606325005,-0.29723431840415104,0.8610662240297857,0.7790964719190161,0.2632996997783899,0.1873429881736804,0.30030876864279654,-1.0202572654398216,-0.06594072321603894,-0.3545157154339875,0.48005238094120006,-0.3078917301536167
-1.4064833412198188,0.2511645517736131,-0.0943284689419118,-0.09846942591769546,0.2662398607590992,1.0079610754520674,-0.5261259585442575,0.08614782404008636,-0.4944602802990805,-0.44938211922691834,0.6496376705467142,0.317253035598993
1.977368927477049,0.36281143947747035,0.3605058749976861,1.2122891027915994,1.124353460432624,1.196417228058105,-0.03409400438769766,-1.1576630974677797,-0.40839935968183877,-0.42844829441433574,-0.4432732698090706,-0.44247449350010276
-0.3676434542102315,1.4072019929208732,-1.481591474128551,0.680326386379835,-0.9837206650765571,0.2110403633654917,-0.6350082762336555,-0.2217986111246246,-0.8915551578596005,0.14349411809760876,-0.7090790932818988,0.38519910718341854
1.0401931594559501,-0.02658836355449745,-0.284102445408491,-0.13324217392342763,0.11095088153189897,0.235532328753226,-0.7836866075787903,0.03241369985638343,0.4960721465490656,0.29567617477801794,0.3446489123486721,-0.5195981654000443
0.5310609029626832,-0.8070706937568756,1.641762145075282,1.1005526802589798,-0.23387647301174497,0.5232610028603681,-0.9819666108464533,-0.05863623821903674,0.35282364172634395,-0.6314677010194358,-0.6312082713485547,0.1451600936637725
-0.370359541724144,-0.41177382689222997,0.8637869920239883,-1.0162476928232942,-0.32738851051475065,-0.20232197442542582,-0.4176411424472583,-0.18257359717694283,-0.3300893077679839,0.4488567901007889,0.24425385585597004,0.2983377377492037
-0.012066046700734662,1.0945572687760017,0.07746661541013013,0.29816799115290826,-0.8144963861728342,0.3653686540652681,0.2999824088875701,-0.7737567744746733,0.055193406745508544,0.12363245703630704,1.0163729422122652,-0.06883899331476392
0.3241792372622927,0.04741218278886272,-0.36174674911718585,-0.3897026414659822,0.031145954345346574,-0.2003209263306987,0.579511502324197,0.07396393680780655,1.0345077300470473,0.1784697566373432,-0.19670436340197633,1.2572892097157584
-2.0200871491501307,0.29747673967252175,-0.4348445961273372,0.5046187379456348,0.08329129253082526,-0.2681906354862397,-0.3252345607823672,0.7300947217509217,-0.31918280703789137,-0.41848701219494083,0.7127115423689147,-0.2630040243522953
-0.5968045648150744,0.9260745941027335,2.4239525697682884,-0.6340743775295836,0.22511318289316243,-0.4526454399234086,0.3465791407557966,1.1521149404716522,0.14654938295175246,-0.027383510807741707,-0.3323328541261264,-0.11179919392824453
-0.7520756623231027,0.033526447377092816,2.0335408867760845,-0.46793428062307385,0.5206897215868851,1.0851895865731713,0.104797276915568,0.3383400866857781,-0.10372231337739724,0.033777358020938175,-0.29834999852424327,0.16674392981325678
-1.583886932953097,-0.6283336522038898,-0.2663817855892597,0.5590794696451611,0.10063334181021304,0.6430064885763216,-0.458404624542785,0.5907115590995047,-0.3730171680751617,-0.7262999434016983,0.5988520684617774,-0.29991947746873593
-0.4606756535217461,0.25081786010029866,0.7033575662821128,0.1001372279638682,-0.21550471476529054,0.135486444643721,-0.4842030187807907,-0.05643953822445669,-0.5974491733613743,-0.24096964594972317,-0.22825968507767308,-0.027708838782554313
-0.9732594406129067,0.4150266473619886,-0.35213474382152155,-0.16087612852932634,-0.853161124835034,-0.19202331940794354,1.2110720621127073,0.16325582106205816,-0.3813978360153078,-0.0872907365466799,-0.4978963229615,-0.27434594883144986
-1.4495031493768336,0.6485755666059925,0.013973910757805906,0.3561487233346699,-0.01852167652166871,0.17714571721415293,-0.06754245690769095,0.14612634008477937,-0.5256870743678506,-0.5670499819251529,0.6696823241163413,0.27003050605494205
0.23844277844584025,-1.1096541113141087,-0.3057253041239115,-0.42570710582510035,-0.6705132373884087,1.3080707487184537,-0.6508237515230126,-0.365430208751103,0.6419675015565078,0.1281228243109846,0.2701083787602726,0.718527174342599
-0.11489789046087599,1.6142363117476943,0.6400585436709015,-0.04990549267878132,-0.38945596618666545,0.3491313808304372,0.11279750100978014,-0.5779715616190448,0.14888138720254795,-0.2652816600279704,-0.19252712857372817,-0.005512859824765459
-0.18773953796672394,0.33548619513788824,-0.47296396036390564,0.5667103260637667,-0.5574940962105916,1.0899347195145772,-0.26481191237752516,-0.3880904303881174,0.4224184505606081,-0.19905993064676392,1.1907205566356707,0.3019569333738614
0.9676202695300077,-0.22624737317620938,0.5412217202214618,1.033835774558792,1.8343215058198719,1.3804789567840166,0.13935004825027303,0.3601031719419129,0.6755336339024771,-0.20789888783600735,-0.15684867040945388,-0.4327871652239762
1.9731741244260925,-1.328741613600979,0.09354100985522568,0.13206617672689236,0.7620663670357208,-0.11408228347296556,-0.49352955762795253,-0.09714807734354136,0.4108584704390943,0.2488685111579671,0.08097529551777784,-0.012168794306366054
-0.9406358363830536,-0.6177530747077171,0.18827666386925768,0.3046153994260293,-0.31544638822374416,0.9890493298736194,0.8137203871878942,-0.09936500183309818,-0.17329447804685538,0.8409258062138618,-0.034178737047529925,-0.035934480901641225
-1.1046275551001719,1.8025811188177747,-1.387812682934309,0.05860771686983196,-0.5252826112870109,0.8707824424501289,0.33988417902235507,0.28883447141141283,-0.3519368677632388,0.21892819775567812,-0.5107279767883337,-0.021768305266989224
1.5840058343730585,-0.17419666869898728,1.30128185564272,-0.6503438233833609,-1.2675860481013899,1.0615810232988026,0.649383512027406,-0.29510009708778007,-0.9224128028878907,-0.7749178757549007,-0.13095103723987456,-0.3636742030269236
-0.9657544812006034,0.45788668504516017,1.2946769188418095,1.1025585727462792,0.00925262506473061,-0.4353741826815553,-0.17734812939289019,-0.11411567355838748,-0.6253179388081284,-0.1789937157587151,-0.21703544130271318,-0.030445805568545647
-0.23524526829304598,-3.017904111043438,0.24371342480618466,0.6805051008502161,-1.0457681258855507,-0.7728137861335296,-0.13411512320677182,-0.17767201471256217,0.5978356623465706,0.021749464559505938,0.02509329746534951,-0.23805176711937023
1.504465606090411,0.4994044169216135,0.063036363735243,-0.717499668749334,1.1839469171887462,1.0232753183214025,0.32671172801072645,-0.29469704120459433,-0.8875481289383835,-0.07974989717164815,-0.06072028716318004,-0.14159771683682718
0.7486347402957257,-0.6264421662816048,-0.7118363651085902,0.05791660370982227,1.4535434197670924,0.1868799860814107,-0.9195639530015038,0.5742965042848565,-0.3650291452275731,-0.07402161652531102,-0.5826486759505953,0.4263815549398964
-0.2166327963522508,2.102831957085485,-0.5953752771804034,-0.5493333558864821,-0.7272934823122674,0.545948527838369,0.2022393480606089,0.8060722923340258,-0.0902364437971106,-0.25145804615172185,-0.2795426340543036,0.2617490526729864
-0.320284814731627,0.17589720601138228,0.31975634574151934,-0.4397393298742611,-0.2785328757352756,0.06317597468621383,-1.0061653430502375,0.5467369911130042,-0.1938439813372771,0.683794982865539,0.2925130446870067,-0.3423703825525387
-1.928493520690027,0.18497327075651993,0.41617305828472456,0.45648310756787663,0.22330302712366334,-0.02543263884419439,0.14006976392801107,0.5049510013338527,0.0008536266021719197,0.12465408961818497,-0.6340993844676176,0.786708982333897
-1.943524005774628,0.34182555972767403,0.7546583665394371,0.31215312656751665,0.32277334342168096,-0.7956637778176265,-0.41029906201020555,-0.07816685414954877,-0.5033709355330657,0.0071460902679442995,-0.29003413085749546,-0.030180262511689815
0.17425005346320863,-2.54330918270393,0.6904887193455741,0.872672223644495,-0.9903271588092508,-0.5123944317929088,-0.2399678569734191,-0.1765796183771226,0.5434162385471071,0.06205351809223775,0.054620677132732456,-0.18791395182519108
1.5357005831153354,0.18828995981114136,0.0012086717906370243,-0.5387830049853227,-0.8413719172128673,-1.4588067291413447,0.1876401610797791,-0.4522660879629792,0.3136065837810389,-0.1046415133620653,0.04640897855490893,0.6578675709784992
1.2798371727385525,0.6703062367200419,-1.2161919564793708,0.9357349027786679,-0.8446066245360244,-0.8605139730451512,-0.26150962901922176,0.7672935141319934,-0.3443413445776148,0.27055503786708307,0.09076904489299821,0.2355277729253518
0.5291289476425073,0.41523342938974706,0.9065160130003533,-0.7693561658684325,-0.8730289796274617,0.1475021314154265,0.47144714699933765,0.6813527953757289,0.20508516064511906,0.3582671343806542,-0.20361662598552033,1.1744246987761189
2.7776165970121522,-0.20625464684677594,-0.09822144146771447,-1.1791568366204412,1.184781358158753,-1.0089041605223332,0.4574270649296078,-0.4325755911538055,0.019633198642300176,0.41783755897668134,0.18416087666070424,-0.9993214257816896
-1.5320384311017647,-0.41600736265623084,1.4716786697005844,1.0871604906339363,0.3798043238181854,-0.3512548776711159,-0.425423860270657,0.6351002573694227,-0.23078951382359614,0.03192006615012721,-0.1432407600976386,0.20176196838618113
1.3105442257204083,2.4463980601409867,-0.05261300978201943,-1.0639764000684004,1.1548328667342185,0.23578738741350308,0.22902617570700468,-0.14272218417531907,-1.0629574309189413,-0.20676324141294505,0.5469970268570874,0.049865661971323944
-0.12090800088253931,0.3876373424508738,1.5227326364624694,-0.4693307268554435,-0.036594641458888834,0.8793493184887236,0.4153603125173676,0.5328186924058801,-0.00907477371512333,-0.28013326611068584,-0.3947625358059058,0.44291772343262614
-0.4864063701327346,1.904134713479464,-0.994676320699275,-0.1072802642748977,-0.5945044438322657,0.2677598426407587,-0.7274425106881044,-0.7526606067698615,-0.08126941575062285,0.018575701520148674,-0.43020835346528447,-0.378835012925598
0.25738668908751794,-0.7535923427651938,-0.30730911282218903,0.7111433299894665,0.6614573134093893,1.5340323973624925,-0.05140712272349596,0.399717721468838,1.0163620266908922,0.4489680329451082,0.27029524033541785,-0.293119354658267
-0.9940737389523221,-1.7983186338846797,-0.17611386389926945,-1.0083733610897154,-0.5982277807487114,0.36156912704266553,0.8516656360014814,0.4198766178449842,0.011060730600298552,-0.5272701874198227,-0.34415387790686713,-0.07505402128054525
0.983725528571974,-0.4790579431281041,1.2923157570650305,0.9136558730167448,-1.0762000204533169,-0.4196582544512943,-0.07509373446641471,-0.053288739714896005,0.4252913015709634,-0.006233128344847752,0.4080058171449801,-0.685379998838143
1.004063183462264,3.13906812105267,-1.5325583162918377,0.4424532484470565,-0.40353262540613505,0.5767402968764026,0.7508022490551329,0.009375916690618102,0.37847729288952614,-0.2915828111748261,-0.5315377909398202,0.15301133231185507
-0.7409992956206071,-0.46361541066738376,0.8288779647757091,-0.30859104336555415,-0.054440774154462614,0.723034429327891,0.42471044434194655,-0.02891388654578783,0.8320426409563244,-0.7402587965331884,-0.554230688615895,0.19333883051125075
-2.194464085827961,-0.9541593322273825,-0.7854813402634558,0.015308034140707583,1.088123177781147,-0.14250173141491584,0.48385558979330984,-0.4866080526833607,-0.7704999710933091,-0.14509310414765159,0.39883801756718784,-0.1535851699554991
-0.18874121950877726,-1.0149992543026223,0.07852809849388893,-1.5559903164872109,-0.3140670755167748,0.5180714547004406,-1.1176603431898984,0.5182794931246637,-0.3584986039108501,-0.1935540117300692,-0.2024053576265124,-0.6223150820312301
-0.9922307333674037,0.0009043543375865937,-1.5111147854136588,0.5819015546483828,0.2519403760229796,-0.8921742486690776,-0.06374183742537348,-0.4663042229618733,0.2665150979514208,-0.5335245720618802,-0.2713733154983138,-0.2278116801002674
-2.371403520828018,0.42330631269416663,0.4621461793670953,0.19934503958932692,0.6456000335451207,-0.1184721689819162,-0.3687526660543791,-0.44640560240486427,0.34268627047696976,-0.46860469090444695,0.6260512173217829,0.10553835025825467
0.8517835344443908,-0.22887500815026654,-0.2232962112139434,0.025757529679096086,0.07575628328871148,-0.0615670911322983,-0.8285493330209797,0.600927969273431,-0.5091014526350256,-0.1994290104329921,-0.4197338892607686,0.05740995565807375
1.7028061227640698,-1.2008314142032714,-0.5664274525140084,0.62489397089174,-0.8961563690022031,-0.6027065782308716,-0.10106198283691897,0.055126310060225725,0.4412108398300345,-0.10681923682129198,0.1019034268504423,-0.10191564823576102
-0.469920260969376,0.18395991606575937,0.44106586933291303,0.051181808935369166,0.7013229606892326,-0.2382682611933234,0.4838947272961993,1.0277976608032358,0.24721008691709834,0.7164875205259067,0.23860043626559535,-0.19627223499899912
-2.0509590056012748,-1.533101782506162,-0.04971303112044294,-0.02551155722921783,0.18636180946496883,-0.6648081331534099,-0.7474898794585672,-0.10298462323061625,0.5222395078517499,-0.2295999725116007,-0.24779012325306565,-0.8393553769587042
-0.31607331102958713,0.432763790206691,-0.648498681981964,-0.05120438319797871,0.32758263718431774,0.24542340404616883,0.6052397870971582,0.057780979235574736,0.6665814490467687,-0.7137588432656714,-0.4224224881214876,-0.038170266442530215
0.35245866410715343,-1.1740165599543642,-0.03185222828512271,-0.10799358269258585,-0.05660113220462289,-0.36159265077300456,0.3711707379347284,-0.3415429969169319,0.35380997413775095,-0.8122661795821038,-0.18127667936417746,0.3933487380735001
0.19192755249014956,0.2575961226214484,-0.4801738575846639,0.8512531406395547,-1.280705148559691,-0.49797689110777527,-0.3175913266642338,0.20796390491669753,-0.5872661199001474,0.7845625411813999,-0.13573010948453046,-0.11455078468681265
-1.0017727454032626,-0.48031176626103955,1.6120301444208283,0.19649938557886215,-0.006151241510657164,0.21837541595763574,0.5554814806331935,-0.6008275921952829,0.3529333408300903,-0.09351211537843707,-0.9032179488803158,0.1548400681267503
2.286097186490775,-1.3371667058649275,-0.4185837807062491,0.2472104899881018,1.5443524019778647,-0.5498225171407118,-0.18674471419918798,-0.09991229444594352,0.37494218692285397,0.23876492926199505,0.0780503216774638,-0.011040713876325076
-1.1477686251399608,1.678637293176424,-0.33663027397840767,-0.10261168442668861,-0.28728176827718793,0.3545878711745132,0.6120257106084307,0.2997250271256887,-0.24246514020824805,0.1714656876614043,-0.6331397398066342,0.2176020648391224
0.7925995320981568,-2.0090591024190845,-0.13226422058266302,-0.5005925518959147,-0.2408488220655821,-0.41585065530520354,0.051349124638605026,0.4008748228555853,-0.26666148340202356,0.1463362734708718,0.31758210898674777,-0.5961110578753649
2.418989939384394,0.11702481757845393,0.12714034834034485,1.0226096937853486,0.5545095340497952,-0.2110468397031517,-0.4388767722885348,0.02311350242806265,0.3236734717579748,0.24404362457746992,0.13515462374485598,0.09219820181251906
0.4271221616950943,-0.6299456103509917,1.6265210728730177,0.1235670031480024,-0.17447780588431352,1.6183001373188783,0.25898996100725813,-0.22660597042105846,0.831741289642989,0.28305449716600434,0.23106242788467596,0.13351523902294457
-0.3119553601608597,0.6036099343505171,1.4025654907331797,0.2912525592162504,-0.006896500821510852,0.4961093564585782,0.011626513050011389,0.5463500073719013,0.7983877318827282,-0.21996670830142956,-0.1799555322478809,-0.5180683373263226
2.1194108959664377,1.3706046959656049,1.578231419999903,1.6327318408962335,-1.3139907027345101,0.042192872992900365,-0.6412273570856546,0.15580528628562812,0.0499099517710303,-0.8524125219851855,-0.3929396147891779,-0.10174382203196272
0.32135650863196175,-0.48771681288075075,1.85657689717741,1.5260245902099232,-0.5733351484060958,0.7341837814141261,1.1617598242831566,0.2787760948084791,-0.04039126499147927,0.22878373094319165,0.27030346852952947,0.23569326319237752
0.31471774617951853,1.513796724351362,0.7740276938965069,-0.9441970570156404,-0.6822509229917526,0.7078245463930595,0.6296827490413843,0.20038770698985958,-0.48184461768495057,0.0644734934804711,-0.44642960425213296,-0.1576473924464541
0.829062770331583,0.3912373977021787,-0.9986147408317203,-0.8731953157750194,1.3913865628414759,0.09171313633561412,-0.870911502482137,0.6539681330458939,-0.12848031100211843,0.6590291800875943,0.15818328993165398,0.04630431326818743
2.5104894774406477,-1.2901239203599408,-1.2685884215394958,-0.19864972049832336,-0.28547971254452154,-0.5473058616553019,0.07528406575566088,0.6006412700502111,-0.3866560853073663,0.013538175761808546,0.0904246965048608,0.07251427417728343
0.539082613696346,-0.1485308707707664,-1.4966983177505109,-0.6831636186141339,1.3580576360354921,0.49913470244965286,-0.6907062996701148,-0.6144304791398979,0.2048497101159401,-0.42346400317337324,-0.22589261195837695,0.11347691871041746
-1.8352667022748987,-0.8093020535077321,-0.5469486608112374,0.11184297212853161,1.2870537059198932,-0.37591981470503005,-0.5862860010074462,-0.6785740174665322,0.33650890876565254,-0.14878120678307843,-0.3281125827575238,-0.19848999792885094
0.7266641837317548,2.90791447341098,0.09243445291542973,-0.15174592518332156,-1.1175916472908176,0.4541659482280733,0.6171920198200196,-0.12282141327592844,0.26160174566020467,-0.19247713067200126,-0.3981059041157934,-0.24096872543332698
1.5857388928183107,-0.7118410462867992,-0.18377113177598206,0.8738176471120209,-0.19322785527064018,0.4420609676340482,-0.8071963168211838,-0.016691195448504836,0.43523306032038,0.23460496351590238,0.09803322191356646,0.06736754505788003
0.4155803059187956,0.9662348976541187,-0.25242522154695796,0.6673257553216243,-0.16747143297076023,0.018030288905013236,1.3267978959642275,-0.36490004816436145,0.2575097871212688,-0.3220518621127571,-0.42192484148438425,-0.3737331390767511
-1.697507899706862,0.5623969973303665,0.14257645713965664,0.2125201723645026,0.18000463369142505,-0.016461723009999207,-0.2851374046241339,-0.41597920026475055,0.5228492356225094,0.14875717706345298,1.1192620569414322,0.2899249398247884
1.1519440572445698,0.20000433930332795,0.42203249233710993,-0.47645630129558586,-1.5474604439696495,-1.1226500373029324,-0.4525198567724736,0.2588262777536837,0.27633050234758216,-0.7099519070720919,-0.37570254226955835,-0.27478403200195045
-0.34225283745824825,-2.133971927010121,-0.055250503987418154,1.5361219596305011,-0.5965127603881868,0.597436738867946,-0.4833087653906009,-0.7821292952148594,0.4283482664353975,0.1700033248253789,-0.038512747956498936,0.4942980060973624
-0.3333445226674384,0.23568255960092233,-0.32808940769649125,-0.19499153619942106,-0.9117770332360463,-0.3655133336312904,-0.03978046810916186,-0.9391599256494826,0.12380363713377163,0.5119442247505732,0.0399597446927661,-0.4097452272435133
-1.9837813796835893,1.7396300782846323,-0.07237670258293187,1.2152817188082843,-0.05080419200274696,-0.6242177766249721,0.5804427233469476,0.1387975439898248,0.7531245860944822,-0.2287137831026795,-0.30807981939634604,0.05783723692277923
1.6092743885343046,1.921920372838029,2.0220616863552716,-0.4438107699805221,-0.7734148081708223,0.17452299349122097,-0.16426470126638076,0.8317483257902354,1.02288136990242,0.415187692391738,-0.05123034792655666,0.6033924837133737
-1.4017960766480848,1.2851267693082915,-1.113298928046946,0.4853376877029599,-0.3251678840601326,0.3049253791355826,-0.19173994773681152,0.286685315080594,-0.5065948301427079,-0.6110551665525099,0.6682682950867874,0.3393884079022952
-1.988946730204896,0.7702481353314323,0.7119807737318419,0.17941715500560806,0.3660108457633964,-0.22952550577438385,0.3157127849575029,-0.00047455167806675913,0.7872180205516419,-0.11629929583319124,-0.3374367078487356,0.003336983869820509
-1.3025066965690353,0.6648386017433602,0.24881746103831295,-0.10044678110242301,-0.28777880506577425,-0.3855878487803865,0.6088606068612739,0.08537711803200676,0.7584528256427658,-0.39832980765778186,-0.312020936920789,-0.06793345119575522
-0.47376302355407107,-0.5268497220847603,-0.0978480780756223,-1.2957288805283558,-1.058599914123936,-0.25432267688824167,1.1942791997737272,-0.38104264047649805,0.4323256979808794,-0.41047636579200913,-0.5006856103655491,-0.5741213803091888
-0.9467890757220999,0.5746360795686669,0.3223602384871785,-0.5242067584671108,-0.2300771411052927,-0.33814847653702457,-0.3755097368100541,-0.9501014637206262,-0.06044269839037175,0.03235851561154687,-0.45493144543327113,-0.5420533366638177
-0.9005114748190611,0.43054485664796793,-0.07641822976649794,-0.19002855614878839,-0.5493089908129771,0.21600042701652145,0.8112374509544891,-0.39146914278515277,0.4146254589427163,-0.1326764535418291,-0.49343890949134606,-0.3983662169980718
0.18182228383255125,0.7763205839014451,-1.1696581606723548,-0.5181890261748953,-0.911259850988382,0.5446231865360185,-0.9109398002844322,-0.3709412230996651,0.46067612150669013,0.21468571867655067,0.23614283262377356,0.053684643434935314
3.7608743875058175,-1.3170950547562736,2.527615266644243,1.6428302357166888,2.1626881903853428,1.4662941271008714,0.21800849440138953,-0.9295158816351964,-0.469757098087905,-0.47176598461890423,-0.2847114488200025,-1.0864238191913898
1.7219775283033527,-0.4618210811501171,-0.4658484108221529,-0.19337793536744735,1.958174744432136,0.4335302741488265,0.7640464841988548,0.9575946727432165,0.09232993111821908,0.5103718022078123,0.2852164361179167,-0.18138641271817188
-2.427447405223248,-1.5759830399825734,0.3596486611643768,-0.24560701692965392,0.5292920485790025,0.8088748888513877,0.5330091651316933,-0.24336749713233963,-0.032930737884007466,1.1620372498238032,-0.12690430219356497,-0.0597461808529913
-0.8591414047647515,1.3377067601196195,0.04524348960397091,-0.992245013314432,-0.04567454347757361,0.9445825065691307,0.015131970415278806,-0.33904762253594267,0.440814445848722,0.20037136787401882,-0.514231015776734,-0.24495034103888969
-0.4529078042265595,0.12622492987713751,-0.5016283070454743,-0.0010664186749517468,0.5022207098746353,-0.8393943424455399,-0.8836655737415289,0.6380368837992243,-0.41008955754895454,0.041809496700914106,-0.48146051044449384,0.08262701205533354
0.622791619001726,-1.0223500703329005,-1.0106815621850014,-0.004147306177218785,-0.020750041006466095,0.04931253506694483,-0.9771720249061173,0.03270202576755016,0.569470442802765,0.3541328051153602,0.020647948180094536,0.044027285404976274
1.9022386700258396,0.48304929602009505,0.5609986989534114,0.7383894141632186,1.0538664702298655,0.16407997348669473,-0.1617370441330514,-0.5319653982466775,0.011229923663779395,0.7099020176343793,0.20915228885419512,-0.8038953011371711
-0.6624884646174576,-0.280221970575814,0.4749993914669466,-0.40071507062910505,0.8929189988894181,0.029597530327282684,0.20452464423181704,0.018273830019740867,-0.5786109921054238,-0.6074097669539538,0.6692301752087487,0.1826100638563957
-2.0030710499753313,0.14845930905736646,0.010870996971121169,0.10373972248331254,0.490653435113117,-0.039568129495412274,-0.9917381591755736,-0.5872713384133442,0.3455886691045831,-0.06957954278673267,-0.3093723100566689,-0.13062397974703033
-2.1097823549799144,0.3264620834354996,-0.630675171394783,0.6161766152245216,0.26417469970659546,-0.15159918309166714,-0.8599969699407275,-0.5340196531463487,0.3482026466668451,-0.14963489667914903,-0.304613395403558,-0.11616706431811263
-2.8451141849914023,-0.9226194461851971,0.3724407862039951,0.4428819148403114,0.5390498655517468,-0.6194707696017734,0.08888663744917547,-0.4775926734824385,0.5611269151336769,-0.3395913500150157,-0.006080137741295538,-0.13271587341599506
-0.15515950988375166,1.1873879962627718,-1.119575009056567,-0.16594121400975037,0.196640986126281,-0.2728576480242659,-0.24608447364125924,-0.8358519340556867,-0.11715563722232902,-0.0584103203129446,-0.4358802034243142,-0.4566346599563761
0.5667088855640053,0.28947059530339336,-1.7012763349835383,-1.7951956307326276,-0.15911798519472764,1.024196034041789,0.5373818137277382,-0.19520650421165664,0.5419515609612597,-0.3372880350132567,-0.6314106167771919,-0.055829977946136256
0.952655185943598,-1.7855383149995614,-0.31102760139692814,0.3338731179550058,2.072241637673903,-0.08627303363595307,1.2320081445231341,0.8040994059501174,0.13214290041483578,0.4252819710511558,0.2594951155086378,-0.30889679864818276
-1.172547115111166,0.5104816575482216,-1.5891051613884055,0.10268851822813496,-0.5781159702660272,0.2419241785291079,-0.4262072769291478,0.8723334680066568,-0.33121000339241957,-0.6435689699855469,0.7330447228705431,-0.2438791602341174
-0.2043571812426805,-0.30137104071872745,0.7014452020754228,-1.1086029656655936,0.9403308474849654,-0.5290794453430792,-1.1824039464543972,0.5313708203462129,-0.41069412987751724,0.19515377302308246,-0.4930902724026846,0.05354603167549124
-0.04051623812699193,-0.1199823708537762,-0.2268349216606956,-0.5942731037178893,0.4191761644577334,0.08186960058952997,0.23111714932766697,0.5715522796619069,1.0707809240019508,0.43433218416787783,0.2371230743330136,-0.38793714348092134
1.8163920428163338,-1.070103136114666,-0.21777643642475555,1.2269338940364825,-0.2572874829184686,0.9757599144386977,-0.7014146536743537,0.4318924682209757,-0.3918890105476135,0.3393033960772743,0.10960109755831328,0.24803702313084988
-0.9941931581941293,-1.5300425423922217,0.028760169125187363,0.8848880891421977,-0.6217279770456939,-0.7627993078895943,-0.04608287311815046,0.3941284656364521,-0.18161234351983457,0.345715935213232,0.29040613754776,-0.5374323475260313
0.8654272644359523,1.1553950605409806,-0.01592324047564639,0.1598617014599127,-1.2210974486907324,-0.2934442251884291,-0.7730902260666646,-0.2184120890169725,0.17417981465673182,0.7168580099379325,-0.1104328445241932,-0.2215308026556125
0.5997059973475539,-0.41446807835880406,-0.42928242204343303,0.07398065694975059,0.033941920639253616,-0.2933161391546311,-0.42990805624217016,-0.4545209408539902,0.5192130641343995,0.17881763001273415,-0.16613387392628587,0.8571299648693057
-2.0506231996386464,-0.26462337304728245,0.22528539661229732,-0.4427529257900326,0.6821022132788028,0.5730015478269963,-0.7282685885396651,-0.5324863629817631,0.7770342538911892,0.5851328280876895,0.4983286483687963,0.4419379670868341
0.8245510354038325,0.15559916704216795,-0.22009280463870498,2.5291941292426015,-1.5795414143595035,-0.47464887581655785,0.13864660594402928,-0.28820543309268043,0.22542923962269212,0.28322268972295633,-0.18269844373494193,-0.004278922540147806
1.6511215032423985,-0.5197141603969213,-0.6545003525333485,-0.9112069065525146,-1.043264896780523,0.03639940039638362,1.3757653556911813,0.7171140059661213,-0.17019619970198152,0.31900840779157974,0.11787777200447037,-0.7181834627339777
-1.3008200110942965,-0.8601485116110654,0.5608192567584263,-0.42916114735844324,-0.5985263405048127,-1.174920920471318,0.8454070107452544,-0.030037369944435288,-0.2908165934947466,-0.19360271078675984,1.1626108732864808,0.4073420367683688
-1.0125882216920177,0.6312260368239966,0.7558983905904868,-1.1024918183934795,0.19131725032986527,0.39913056619541554,0.0698944843222487,0.11433953831578669,0.9059302177121902,-0.27488508651708876,-0.45529922686032875,0.29335412036243314
-2.0613855959247327,-0.5543794190581234,1.4972106181991152,1.1544794046936449,0.5414143240408174,-0.36239167154205004,0.03241705973389708,-0.7524552248762606,-0.8725845927194871,0.36047176312861845,-0.46661778986552804,-0.3984854570435664
2.707294217548942,0.5250826879337086,-1.5424877194314017,0.5778956041488108,1.1248187713100508,-0.5728981287874935,-0.23787284665704495,0.27977771556829567,0.25388403919486735,-0.6758069451073434,-0.48115936574631946,0.23778855460187379
2.1433442451489624,-0.48140509348108473,0.14712012449655357,0.2384638894712212,-0.371645627331725,0.5582042312836428,-0.4430099075274256,-0.01997515078591655,0.38994832544061175,0.0017052986955587435,0.41001911110761147,-0.5882255977153371
0.15933775644911077,-0.035375493748338954,-0.7136686710101986,0.14055156741330616,1.1808819733131863,-1.5935423178281,-0.39154183995979824,0.19446690849953585,0.45747712883601954,-0.3273946626710306,-0.5890577377038054,0.15636163001842399
3.6399949903201567,1.9980221145826798,-0.8995010688452914,2.496994574484296,0.9587299280699395,0.4121528429763674,0.26833004425558915,-0.35009493208609244,-0.18340838087250755,0.4064894464310213,0.3163740219634941,-0.65885947975385
-0.8961626328147451,-1.5073617059386366,-0.827897537125594,0.09275986713850154,-0.6908506516644065,0.7440603997767885,0.35178910729014956,0.44443841177853716,0.21965810851077328,0.42971201333555115,-0.15387001108767073,0.8489236798577325
2.3995531038107427,-1.9889756446203937,1.844427396345969,1.9152941533772438,-1.4151912688654997,1.1221786882065798,-0.15316250693543304,0.2888686317869552,-0.753501319299521,-1.0325272900403673,-0.39658504546079704,-0.14111136998550208
0.5894916307540584,1.2693663278783716,-0.03769238833402162,0.010102267409493937,0.6372724504697523,0.9186589269777572,-0.3719514638460019,-0.20483694185795187,0.6615818020526456,0.2348544246602225,0.46287157052656214,0.6007199335447035
-1.6544661425181892,0.3002333512266483,0.3105576251942468,0.4179124764613465,0.04638547667753463,0.02143679648365293,0.16948182364300501,-0.9302408406453311,0.17453996443251263,0.4403373829255624,0.93603484964045,-0.07970533824389567
3.594323536438856,1.4788584441214072,2.7543270014477965,1.587804135576784,0.425888467101029,-0.9107125890102907,0.5094337160874505,-0.3618006094467463,-0.3422723954045015,-0.5829332006412729,-0.6625299759547136,-0.1917304469010079
1.2067492309303505,-1.8540209207522114,-0.6328669153752615,0.9418393040184367,-0.40394314621493277,0.2597426080060438,-0.35165392060697814,0.42329740867225674,-0.3209052175452569,0.23255201229051453,0.07032436496680912,0.1307243588185645
-2.229652864088349,-0.22018218918837948,-0.05456861085480194,0.0006835241900235434,0.24321897177523877,-0.1177256011269821,-0.022862071067343226,0.06746455867361889,-0.4433810920138075,-0.5046541387802361,0.6182263506720274,0.20103309295618407
-0.9080025846044082,0.08532010392963363,-0.08602310385907654,-1.2374400671181462,-0.062058935988814116,0.6023830915450101,-0.7499370134871031,-0.4792108173941687,-0.8116536768259782,0.2861812674589334,-0.4887848547426987,-0.3280791509590083
-0.62088873617343,-0.06427094395610475,-0.5372285617798072,-0.19399449469729835,-0.6494554677517317,0.21919017963142073,0.1498662340823697,0.6350260897739034,1.1261548432694934,0.3332414371925437,0.23626512499151486,-0.39764092135543283
-1.1908504057539324,-1.168112559708075,-1.6103158386530532,-0.25625686323034796,0.5451889956466419,0.19901797341015884,-0.04951916683358343,1.106312886572903,0.18677895920605703,-0.0034899390643088335,-0.5913087426819013,0.21370194270171974
-3.490471249936726,0.07350712544409523,0.844787468579866,1.1779547671879058,1.079235860039087,-0.7789296883387744,-0.07283143842327883,-0.5600702560554476,0.37368893162028427,-0.34778111375556575,0.6015742771753562,0.07796908578536224
-1.3150360614890522,1.1219605562985262,0.34626030063419916,0.25214999490983153,0.16158999127949025,-0.47701288775896006,-1.1972793709909368,-0.43338780596193227,0.28085441721101634,0.020251878639819282,-0.5562123208209065,0.5224481086915365
-1.960893658274465,-0.389898009001052,0.09123131976789976,0.018308193967273012,-0.06304074582053115,0.06399461946597523,0.8967348390746805,-0.05521279872820822,-0.09111722936668432,0.9921406138279096,-0.08582135900398517,-0.057794269889249905
-0.4197189533481225,0.491535370874009,0.3813427188204369,0.16851835817314176,-0.3999753525958281,0.6237519624997416,0.12143551255710283,-0.8849706691112575,0.09169122313989908,0.2552885498838792,0.9892170572478016,-0.07248533742843905
1.706365866720434,-1.0761604192459333,1.641328644090251,-0.8337215974748409,-0.821548006278004,0.9173629055823238,-1.0760773862454602,0.4599509524612453,-0.5891605902348404,-0.574738101098669,-0.5008684179137444,-0.06410715013990373
1.5869584376475439,-0.5782287457701025,-1.164620383746363,-0.4460814287171048,-0.9190864959195651,-0.011778809393480583,0.394979453366072,0.2875907775540256,0.4837529085970955,-0.6514420370428626,1.3039549970782824,-0.43870470181877863
-0.7777443851655201,-2.1970421898144137,0.4059919225465721,1.142423257660979,-0.8360139514905025,-1.1854102859335383,-0.003604124681841181,0.3728346147102315,-0.20031449306675753,0.34268282896686936,0.014987077346092517,-0.004552710130445198
-0.4711218086004663,-0.1892084730353277,0.44787196278549307,1.0031943789563706,-0.16673440854249771,1.1767428445962784,0.4192564413654922,-0.06388784024813632,1.024255902919702,0.2360350548883094,0.07605187388368918,0.4909546428245548
-0.898912159595201,0.5555110478325838,0.5798388888625557,-0.9880525510696396,-0.04203692923138871,0.08298539575659214,-0.6036097866603165,0.2119410158942841,-0.5104970611958273,-0.3850066231029123,0.37020663485896355,0.8568291518280166
0.2525024318475525,2.0529000412488547,1.2084116293804688,-0.3702315570331683,-0.5451835177738552,-0.6370544151608499,-0.3503585296721518,0.44686418502496705,0.6838747234125819,0.3309365947926772,0.683173759899633,-0.33840292201023603
-1.99599270141342,0.3050700765788579,0.4569385195810271,-0.5266307253940536,0.6720422452268698,0.3987189118146048,-0.45413791376837626,0.1418471898814656,-0.3195099901692916,-0.37321711896441406,0.4895639243000989,0.5923463769235514
1.051548518854599,0.22241909724801642,-0.6636287479396609,0.19131494698837564,-1.465851888063781,0.8459267148151317,0.06377014746158566,1.2547932588775266,0.20168259344592265,0.32559719504577483,0.027210349946833648,0.41692923264565285
-0.6463864810027219,-0.6327552480770084,-0.943411939132899,-0.25544488003247023,-0.5383455087590695,0.7456226725905564,-0.4788418881094035,0.6268043521505418,1.171385081606092,0.5330998623012255,-0.07460664247503145,0.2584840548738867
-1.7959705389045824,-0.4958495901132691,-0.8809748767090829,-0.18066434791056568,-0.31367434052669857,0.22108550180982497,0.5852323041166858,0.5303803704130103,0.04561492014560398,-0.28280570800941074,-0.36230190601029655,0.08449575061897488
2.651670798036341,0.8794746559737505,0.11999009806531206,-0.08834581540404246,1.2251925609638148,-1.8425635903392297,0.5533727481889307,0.19513597122107984,0.4270872444687708,-0.015768483403495195,0.28295176077229184,-0.3183893339999536
-2.5659323813950183,-0.002948363979753177,-0.5720225809542718,0.5499336528078163,0.25525879828358444,0.16103982949411458,0.4040012344154125,0.4846488084739844,0.0606205600054206,-0.01589385494368234,-0.3776428322248621,0.1768813926701008
-1.6707912636107916,1.1977406955153553,-0.6078953475127334,0.6596445449443225,-0.24220559756702192,-0.40836231883381263,-0.008664043608972605,-0.24979953150666923,0.2899299797445094,-0.7835338816468334,0.672084726763761,0.10597583870703212
-0.6423373637933015,0.8214303139854561,-2.306124112762357,-0.2955990762848852,0.16752834176430156,0.9556284868219507,0.5437381251462037,0.22738652317113028,-0.3535872662144508,0.11747389785898343,-0.5306419513947115,-0.06732506848279976
-0.4001279634286291,1.5433949021708777,0.8319159252570989,0.9015229326695129,-0.14553741989718916,0.013290525450051771,-0.287142388223446,0.8996001265946365,0.0335034234882029,0.5115667853846904,0.5404261281522806,0.20690272704703086
-0.831343544867943,-1.2313827199129859,-1.4581540935711526,0.47245540435630057,-1.3613906872857477,-0.6833788046429847,0.5270395959400859,-0.9998207532581855,0.1774133185134812,0.20339593686064067,0.019308159817248552,-0.5451955665909295
1.253060199275591,4.016862929510386,-3.5743033492758944,2.2477991290270696,-2.2227737548865623,1.4014304853915478,0.17420594402794082,0.7119904262107404,0.6071864055483904,0.3877363403443482,0.1902254158293425,-0.33514431954483503
1.1352098313814947,1.0458475943393621,0.547518638981852,0.27959144712057166,-0.17999489103959632,-1.3511454658216375,-0.517731778051056,0.18594643825480928,0.43889979150395053,0.3821143482221106,0.08903951100608505,0.055661666193295295
2.1274250275711886,-1.3554077099348376,-0.6430327681532934,-0.38982989855304134,-0.9973176392593637,0.1865334477639245,-0.052655671541115556,-0.4973865062942331,0.051010765860044716,-1.2806685030390248,-0.5687477993569868,0.19489928033955636
3.600834357382816,0.10750019430648441,-1.6019935695888727,-0.004540237069279585,0.5385263954896988,0.06460441036339581,0.4739213195982009,-0.4583460093861584,0.13597945992093696,-0.33961692262464344,0.35849419790969766,-0.05728227872251912
-0.2777139281174327,0.878429370895017,0.34029786867278156,1.3487498190615523,-0.36930813399975526,-0.11619861641061946,-1.0609799085339662,0.6322745333075224,-0.48682288212090613,0.008783448671925875,-0.4112578284615746,0.1665485807456825
0.19378534341887446,1.0470770961422868,-1.383002533806735,0.08535903686867569,1.4123952447813113,-0.4564545165461406,-0.8470521281907086,0.16242218084416743,0.32623787743572463,-0.16777211036315637,-0.17389735171619847,-0.57829545859748
1.1038641808234262,1.0396888598507263,-0.4384603578366709,0.5129640167528788,1.2641543301659466,-0.19682799390073075,-0.7102716750245968,0.06038587970089554,0.4370227758663445,0.515441631921921,0.35043132195423193,-0.3985681285012873
0.550768420807431,0.4067640634565588,-1.0411633638533964,-0.5940081940979859,0.24605860160479412,1.2386470531133154,-0.08857540902816691,1.1914409536850308,0.027578180715917888,-0.1985013700700769,-0.21081854758443602,-0.28480885369266684
-2.067477034953445,-1.2520506624380048,-0.6563511111722792,-0.3182738838612733,0.1241986090977378,0.05871552347094905,-0.2828676647728678,0.694775395183143,-0.12277432874558714,-0.6024440839307499,0.5484356700857148,-0.07064378459864537
1.8539338013064433,1.3662374640675587,-1.9966447801319411,-1.185764678318462,1.8573335612062054,0.20192435660134198,-1.105819348865115,-0.29726154210968425,0.1165605458375144,-0.19327519253522554,-0.5201827018859891,0.6161683690504642
-0.8997010048050855,-0.8563976533155193,-0.22331162392857856,0.05267397197884216,-0.3055575859013092,1.424446728680142,0.600262762106112,-0.10187907095598689,-0.1472063772618052,0.8510994683313815,-0.047042845962373944,-0.015736342661301583
0.06437926102629096,-1.1646002550588157,-1.442648052114012,-0.4446039468096908,-1.3305005730566342,0.4861318055360373,-0.06717816519176117,-0.9908456805319755,0.15755066055130051,0.253866487618686,0.031086445872734084,-0.4734678570045611
-0.9590674759072993,0.45342995233386374,-0.7681540220044246,0.06210490068354246,1.8832291301595006,-0.2309744825199495,0.8018400376656518,0.5702146054303834,0.05356492379176703,-0.08510074527335719,-0.47590284033002894,0.515453200590832
-0.9092281932495965,-0.056043978520711385,0.4196798210751494,-0.6580386837256067,0.05873480999985303,-0.20801267603785595,-1.4422620506995174,0.5888331619902467,-0.34841100452418006,0.19375504275470856,-0.4996829674335823,0.08939983321264991
-1.4948396676898559,0.5206785817910407,0.6120399499491854,-0.5749291953235374,0.16735736689245492,0.20399670939046358,0.2940048723738384,0.5226300405265638,-0.014076178900509717,-0.023033071683660533,-0.34065049135547315,0.156701682093098
-0.3844515837077581,1.132829425386024,-0.703932638873954,-0.18651935508495004,0.31726875292290324,-0.4506002880007837,0.1194192428733526,-0.5890849249901291,0.029339362949611147,-0.4260754375806038,0.07703263102797421,0.6841070639322872
-1.5705314539402402,-0.0061533530252284585,-0.4140472937707073,1.2480248551250868,-0.552233476866626,-1.7266323488600093,-0.5131435649757159,0.14735451252765042,0.43513548881039066,-0.29095499784200657,-0.47298281620713134,-0.18151420651372216
-1.743813577382607,-1.6845391718847889,-0.055903620768016964,-0.901993211486759,-0.33949533375106034,-0.2275168751589784,0.6410783158661257,-0.501621214244882,-0.541270262000938,0.3300923944545563,0.8841445059172935,-0.131658686739358
3.007481035755839,0.2573485053093768,1.0105926894931123,-0.2585116423641866,-0.8441048009147734,0.5283253428858135,0.5913479858914583,1.1684150858097149,-0.0006554751467351405,0.17125045170395053,0.11082244062284143,0.3342993035984776
0.31437348299620993,-0.52573714967495,0.37265833635373996,-0.9187534736687275,-1.267624711256266,-1.528432539391534,-0.4173818671918162,0.19812356712043055,0.36369633014816105,-0.6246377594082992,-0.4306240584286273,-0.34008332941737707
0.48905153593096506,1.3704410960621138,1.505926722165672,-1.0249547903626648,-0.9247424519943502,-1.1524303667166773,-0.16210011941841945,-0.322909590952151,-0.7633071293945306,0.9087405082261142,-0.21295053134113506,0.3706878244424483
0.7699261290302427,2.426906418117798,-1.008994722447922,0.8522350887400776,-1.3742557575465606,0.30369450267076875,-0.3137131388831835,-0.7139433630089143,0.0009671773979414988,0.47730923274900644,0.12290251379031485,-0.19185221239748815
2.0654794981082816,-0.49401513056504087,0.5168372783535111,-0.5655180779332323,0.8405212121720252,-0.028296550283639477,0.048672915941509354,-0.7430320999971498,0.24462182805041022,0.025691015468875533,0.33634566375658026,0.1376204199763861
2.28558307530002,-0.4295863412698646,0.13921428528281274,-0.4217572289617219,-1.3594645775080152,-1.6295231519486013,0.38831316249415426,0.7067571249804038,-0.4027999345306143,-0.07172687669913187,0.11986144172079684,-0.02112531317436747
0.32643134324500533,-0.9333980015422056,-1.7247025243593948,-0.29795276118966046,2.17707149699441,-0.8751852210902951,-0.04329272565896608,0.5672232181764382,-0.3316068318962926,-0.27657640888938223,-0.33826233793725446,-0.28019037078674225
1.5840682176473293,-1.9439459959953906,0.5044517247092958,-0.4342714551896,-0.5388102666438125,-0.5046902106369016,0.16398931574340037,-0.7420222943313828,0.32047284232000695,-0.17291397059231994,0.037477430187953395,0.5645550693387501
-0.44212991904715504,0.6038990839845393,-0.3906298067584152,1.7220257302419792,0.3174448593867182,0.14054931447999366,1.1147501230738954,0.5066089610007708,-0.1815207275204227,-0.37354067225256304,-0.2544817417191397,0.1825479617007625
-0.06048204840732077,0.6309889072984023,-0.7969847773776929,-0.31450467690728245,2.725389453540349,-0.3749846202512325,0.7863857107205499,0.06049668232595906,0.78444656207229,-0.23155559057262465,-0.45659337483611473,0.36072186170678566
-0.9468903727828736,0.2259563338883179,-0.4016764932968837,0.7108134877755341,-0.3629903163082872,-0.42171820141604194,-0.8238826368511278,0.05832289767508464,0.6262591920915215,0.46363323947244356,0.29242369754122516,-0.5092485963815875
1.9909645818598556,1.741568691381962,-1.7717061529378564,1.9123793199780523,-0.021576713789532957,-0.5858321624240663,-0.0949761611633268,-0.17469575585707747,0.021554634811477125,0.5568421436080944,-0.058610722136058654,-0.11699552157507806
-0.6021649701064747,0.6924759629736104,0.5651228361663347,0.8442093967904347,1.9451004291770848,-0.9228238666292703,0.4969430274761125,-0.4030384012612387,0.31230343363048396,-0.3518625562233122,0.08793819924036574,-0.011493464622956251
1.970335271241525,1.0154303005058447,2.7478131348163046,1.4567653742240076,-0.7557504419957597,0.8551522682098813,0.015027949460434342,0.1849592561506589,0.19971625639515522,-1.0207082265736198,0.2267324109621413,-0.5813129826242597
-0.04609695021149848,2.224366705247318,0.3910309590520137,-0.4500739395566099,-0.6118598270778856,-0.4067747101554266,-0.42203689159389474,-0.7642196642422419,-0.15130697941605775,-0.008669154997014789,-0.39788585787603375,-0.4507329319903379
-0.28097679346650434,0.7140183749426744,0.24180539275048393,-1.3731946752299897,2.1428245259939724,0.38649145876579355,-0.04273924841622806,-0.39946025355034026,-0.9175537088315348,0.10048870418697498,0.44974130279748326,-0.0003594125378826585
-2.2606090812561166,0.1504615910146736,0.2680019859625365,1.1252998652218174,0.6745569464894061,0.5645973019103612,-0.06624744452466375,1.046171550991444,0.25141099139061596,-0.08277510553902835,-0.5285253340433304,0.015383298466298628
2.298349753947316,0.5896182740313735,-0.03343499665834709,-1.7319172919226946,1.2690396793705614,-1.3656390505492553,0.7683140249366993,0.1748422264682324,-0.5469644472909515,-0.12505510337115877,0.9543115341349508,1.1456322846820504
-0.24389131492304633,3.234927067441349,2.091425512972921,0.07410087917144748,1.3071195300183156,-1.1001825598673178,-0.4519645098041771,0.33448430448358324,0.2391333779724788,-0.2586489138331599,0.8148056167291378,-0.28805438552864304
2.4675819213946344,0.31925192214095,-0.3075457631948497,-0.339422705855923,1.8085394429322998,0.6374376457132032,0.4953087393446513,0.5314668581091607,0.8352733089024502,0.32981436633073274,0.32573313443949303,-0.29880706661486733
-1.7110654773415443,-0.2226140260278898,0.4899313704104574,-0.7044507988600031,0.18757351784331253,0.21682553843985694,0.369011556023583,0.46106730714323696,0.01863603326639418,-0.0675603420647174,-0.35964053677976443,0.10116766018753356
3.247596350653334,-0.8365705718154137,-0.18715913100101442,2.2343927023618453,0.8597419257178841,-0.5469524509749408,0.6027868054461962,0.4145339235703178,-0.5985284430138454,0.061697207438207,0.181443463860676,0.1627210767925469
-0.7230249417049271,-0.37156809295875104,0.0613257869370535,0.3428921140435757,-0.7331618141394775,-1.5438245419755232,-0.49217136118995825,0.177460108630228,0.7568750757891489,0.304889528622113,-0.12018973733604275,0.25194707014961193
3.022790257547131,-0.06981537572601212,-1.0472890712176646,-0.18715284405404287,0.6524431844859979,-0.6221913231749783,1.2343737467648852,-0.3845392660475082,-0.8376407514293224,0.13953138308014063,0.011558386684149116,0.006284493044148021
0.869376617988297,-0.8652288684126292,-0.1923352535358859,-1.4032196430216264,-1.258269561937406,1.3483610299508784,0.7187545958353051,-0.46789441528386233,0.5792214586722064,0.28256918865101127,0.009862657570548841,-0.3105238458442736
1.6841385158767281,-0.5490208763675486,-2.5961528973125843,-0.4348282748913382,0.09235798391179245,0.1406925683708728,-0.44855528751637336,-0.39538567113975975,0.3737335552584897,0.022744728143110404,-0.03886063415744155,0.5825364382034581
1.3355447097899094,0.9728190845789528,0.7531943482404455,-1.911565665342181,0.008756910658939028,-0.3458761968126601,0.1873196967991837,-0.10961837841428157,0.650716491387703,-0.04711657592823143,0.46722581857512313,0.3733130030218166
-0.8655654771049518,-0.0020096714731067944,0.3642906772931131,0.13242010225129874,-0.6396859456561056,-1.1108924226786439,-0.15542438035361444,-0.9708288740906793,0.14378854264542562,0.755182616569851,-0.26499483938622903,0.17340649769760688
-1.2694515288989991,-0.016196680700626936,-0.1671217879099198,0.26772802362465925,-0.19918663258935093,0.6448765701917174,0.23385138687348767,-0.38331875626267164,-0.8539748200768327,-0.3068853275668266,0.4772775089780512,-0.10118704866747241
0.402233223449734,1.2376424135212285,0.7023031306994523,-1.1126419066629707,-1.0839808386321275,-0.7905956535234799,0.35875902674743776,-0.08285628398581413,0.3431176102384499,-0.8656943304070595,0.13457724596361637,-0.1613020425890937
-1.433859069373729,-0.06447112843500893,-1.020846108300735,-0.07668056382766933,-0.36836874845816114,-0.017328715443055198,-0.39969566177238386,-0.9533401083512919,0.00681776563765224,-0.044935504430623024,-0.484728638998113,-0.5343793697250252
0.7549128497734395,2.9122106284618865,1.0424276286609087,-0.6521018421147434,-0.989033855562677,-0.870470249985908,-0.43309539032955663,-0.13047529946944456,-1.0212524985948088,0.20953928614520584,-0.64961877755966,0.32936347057513127
-0.792681537409965,-0.2697982427209984,1.8593383701457702,-1.4683785541808625,1.6981214705856817,0.1607949107160441,-0.03288701713858727,0.9910221380154929,0.21334377561764317,0.21523966417709384,-0.40200634707618743,-0.08387637937974998
0.3866474648073194,1.4268269929395652,-0.48248992622305387,-0.8415661177995546,-1.2250589462484764,0.28386465498112745,0.5322880095068176,0.9095267871349817,-0.30203737066574143,-0.026739779720255555,-0.3767957986573572,-0.7041422228433741
-1.939333931569354,-1.0172506196626365,-0.4291762644639715,0.16544763859035416,0.029548446842775453,-0.5017958750264304,-0.6953406513370681,0.47395748341581556,-0.2907473551499872,-0.0723432529605947,-0.24214229304133195,-0.6135769705626833
1.0069181700038405,0.6310024346895879,-1.0782480390833111,0.7720098186618285,1.4951384511899843,-2.4144963254738703,0.14269121843709232,0.16060645611968782,0.43369878973835196,0.3956873028712176,0.04632432218998635,0.04707365236046859
2.2914944931105095,-0.9480060816866471,-0.35174360210115313,0.993918226862768,0.41149053167807026,-0.05074130732679605,-0.3037908053831188,-0.044461843436789716,0.3601330587270275,0.10799723995925498,0.11781656336295133,0.018257491805744902
0.2666775082683145,-0.9339623174057572,1.024895743750761,-0.2570290472248973,-0.9450410941929922,-1.1822772593927082,-0.47681278718913106,0.022380131235870182,0.5520625028547437,0.24646276382974214,0.045443304265765164,-0.12861046081029834
-1.052968082677753,0.624858266066666,-0.2480185414973216,-0.5585506329396948,-0.3437433930131695,0.06014051862318451,-0.059489119031475635,0.22695932445639955,-0.5115336753809515,-0.6764192696068367,0.6649006683866664,0.22223796990965597
0.5687729630276007,0.5794455148183781,0.9307660744646823,-0.28325427828851985,-0.7245673318813507,0.23277552433054266,-0.5416595609345756,-0.4534616182306584,-0.7620752042809592,0.9312625679059157,-0.20998628866322033,0.4507097976253427
-2.6095020203349306,-0.3408898022501792,0.055729742272954894,0.33096391000062647,0.1875378810552242,-0.201061156460617,0.9585846460690732,-0.03904625633764991,-0.280030988041875,0.29523007415403085,-0.5695923424046453,-0.24163554188573605
-0.8714672037770294,-1.219766620124273,0.937593479462932,2.918260777941287,0.07988774462893466,0.8614911841311839,-0.33813443693958195,0.46564737327411476,-0.09922492100287239,0.5900750560881423,0.3812960787112706,0.43843081574190945
-1.2478403741028625,-0.6139710974468842,0.9419706062823388,1.2027829873214975,0.03262452991735542,0.4194641651382673,0.6680885334464632,-0.2161282342410622,0.9236218694955953,0.3727450320257136,0.17857319924535903,0.11349147914014582
1.8509195122961686,1.4216284418623433,1.6518219921894708,-0.7370328112271616,1.3889848573443744,-0.6963217176276983,-0.5342749772786375,0.18680055060592116,-0.6242849261360838,1.1971362669766632,-0.2405821036293636,0.30029045122110154
-1.000097344040608,-0.48717659933779256,-0.9558855169144495,-0.36155865538005166,0.7112038623186363,-0.17183766643192921,-0.4259364860144959,-0.05723577540670022,-0.5017157079951976,-0.17766180137935725,-0.3040597516345716,-0.035783988266831546
-0.4220244578561978,-0.9514790337006584,0.5274756354480175,0.18252111553979156,-0.02614065328678005,1.0465063477355052,-0.6576105789175695,0.081735333752323,0.7780851472680042,0.3225372189447687,0.6287377729168863,-0.38643821562044944
-2.458165612081892,-0.628773441619752,-0.580488819681841,-0.22149105977226166,0.2785365565135444,0.44265297811148197,0.021441615342698728,-0.4329670894431332,-0.7257355286835783,-0.10326777636820728,0.3986858465979185,-0.11370765394016925
-0.8628785198790799,0.15638731274592557,0.2344116793284002,0.01990037511718251,-0.6751603940723879,-1.1460917547383753,-0.19072758471225154,-0.9396854016332511,0.1502396188154288,0.7618142077154417,-0.2678386014134011,0.18273952700378607
2.2604159899092684,0.1266458180207144,-1.1214290784993004,0.04893444625268378,0.027034918695831307,0.16526902365501867,0.5954290186494673,-0.4484611977882385,-0.8967432977893677,0.3590459206287981,0.12190955183398673,-0.2142858937006014
-0.9315682829333086,1.434186679726293,0.059532830176108845,-0.29390087010792126,0.10735484844049048,0.16654846944465382,-1.1572354229449004,-0.4231437580130106,0.2680480726197696,-0.12534235411100014,-0.26025712741343826,-0.05752744098634721
-2.1785867798531253,0.20375145217087348,-0.8449825997275681,0.6913968743825374,-0.19255400663848465,-0.13265782277437826,0.4219522537014112,-0.3821537723192734,0.5157309884157826,0.19335401563540439,-0.8375232395266391,0.27701941754716564
-1.5827946601102811,0.43864950036686445,-1.1652236754647243,-0.26067078598493476,-0.22419964131982878,0.8453649521412829,0.27048100998524893,-0.37165662165837415,0.5086567675044253,0.06694974180397537,-0.54499832405595,-0.2901151997112483
-3.1337302099587094,-1.070741464708476,-0.8470491507947815,0.2813807880554999,0.45143111614899006,0.5693000805488527,0.5580818986652658,-0.10052562842272791,-0.19628560033172038,0.3945811078333012,-0.6154975013518678,-0.19497777962495205
2.2930204549216366,-1.369531095395823,-1.1673705636248117,0.5349579174163979,-0.4323371748302312,-1.1287721790161251,0.5112969242273104,0.5849322759714404,-0.4088339953131799,-0.09073160930941411,0.1043660293020079,0.021712948640172952
0.8598055908268923,-0.21159837301972687,-1.492653770721104,0.4483472796501338,1.1205397654002722,0.9536923419992256,-0.5761083536426794,-0.544467429414305,-0.7645031999884068,1.0156061125420588,-0.249048850947033,0.57858478000014
-3.0087021897235506,-0.32743260099664473,0.3163379639660113,1.1341309292440205,0.7020555373994982,0.051409224394668496,0.25400400571110715,-0.534800599576259,-0.7727242276812273,0.03327931538800083,0.4180910696471958,-0.08159794962118952
-1.4430422189327525,-1.1985963538031579,-0.4190272204081235,-0.42431248283759715,-0.35018964043678524,-0.3788466912096429,-0.23135110468600678,-0.0865234523416668,-0.4587571931830433,-0.3607538043801287,-0.3035631177728323,-0.1652342838437979
0.08980169149880904,2.1115898137192697,0.1829002011818708,-1.1217009241429166,0.6606973903880957,0.6307394879128826,0.3572207858251189,0.21633679137919104,-0.463276104587522,0.37911550044791525,-0.4861697003892276,-0.03204709541182396
0.3609047096261586,-1.7979124779422384,-1.146897881101236,-1.1164169797762244,-0.5366151844621249,-1.0445607296700297,-0.038054028031945186,-0.5100085693579272,0.47912059046460787,-0.02269973487449123,-0.08644742783417968,0.3448117472369028
0.45979134749470896,-0.8580693820594274,-1.0655052986187172,-1.530770739580784,0.04198114887159999,0.055252210291960646,-0.884676511742801,-0.4489948831223005,0.26541992316987817,-0.4721824766659198,-0.5584296956377524,0.34084534905197084
-1.3852675669874144,0.19460271587511077,0.7366861927850038,-0.7078342245520233,0.10104769042580367,0.29945681764511406,0.44960644962724017,-0.5299675306113084,0.6773235660611299,0.9394521510343397,-0.06674077760473145,-0.18445925355838777
2.4491196202315613,1.2013798680420804,1.7480932371137472,1.3583261409407363,-2.022795132404467,-0.5574216813978807,0.707760425911248,-0.3863738922377724,-1.0551531696357124,0.3067201692038947,-0.06062885386761739,0.33130318852991847
0.4152141449404695,-2.024840922519937,-0.392437803261696,-0.8892658289718671,2.1588642432694582,-0.5416998426176953,1.4596000883811548,-0.2225499559586127,0.6483739716150918,-0.6099317463892835,-0.3257380174257523,-0.24030576668628434
1.22121149164604,0.36798721134941503,-1.4238514499150352,-1.843256218002414,-0.5401660243041493,0.549785142663973,-0.1361771976272907,-0.5900541284364337,-0.1215624255381258,-0.6924469189107874,0.22647380842833464,0.3053919950954257
-0.5608516696210374,0.8979771706018652,1.3555195624747183,-1.0632161165300067,0.9299258918770517,-0.29860578879529104,0.9163465392822341,0.035060058137855565,-0.4478755034227985,0.34855247417346885,-0.5058277190767616,-0.20427294264582088
2.327196566673323,-1.1006570263526185,-0.8803585001302705,1.3121846064126326,-0.052175881428863057,-0.19581067347301723,0.384735664012394,-0.5958854177784187,0.20237104823580865,-0.22533420114557207,0.05489150708259351,0.475343767679016
1.3056192983483645,-0.5499095723382317,-0.25804133105832905,0.19593491967572002,-1.7740348841437217,-0.5843182105417548,-0.27828875464896435,0.2681822882175525,0.37177430130061406,-1.2089492624028444,-0.6188126624090896,-0.01006799110186804
-0.7849043575181643,-0.575209025539155,-0.3183308156474051,0.5147886555065337,-0.5792887421120082,-0.544275787820679,-0.5014164251551856,0.04190389978087011,0.4016203219677277,-0.5095850135235322,-0.166977150035854,-0.8090966827557774
-1.2882678656965547,0.8241756153078887,-0.1409152937831797,-0.054990841431681634,-0.4321958170381767,-0.24750869926992208,0.40149810030215416,-0.2820059294755972,-0.6329006099707787,0.47592573319255144,0.9407288102831068,0.07792055026264369
-1.9063172856749053,0.5246808398154206,-0.816638006382738,0.6431389278449298,-0.33940247082817554,-0.4605149239374084,0.2788539446284759,0.21262522205457213,-0.4837168848734188,-0.7002912176570752,0.6523507072095605,0.2177536774982027
-2.14289850244089,-0.680581973883381,-0.6821029517838992,0.1514907928964188,-0.20548630792005462,-0.3622038991963716,0.31480603076747293,0.0955829743817751,-0.4365573624056459,-0.7300834254329824,0.621936269212958,0.12716758608170306
-1.859295439416995,0.9487166420585759,-0.7034147990978032,0.7350737960798637,-0.45453546075103557,-0.5365971267710858,0.6153257084817837,-0.22596977392434336,-0.8334918989061406,-0.33504057805135323,0.469975362048073,-0.10249653837333947
-1.283836539660828,0.6555820991393131,-0.2892083943365879,0.04043033646245525,-0.3505771209495375,-0.3665270831382385,-0.1628090763438798,-0.4155962077794876,-0.8455512493827286,0.16620730062782169,-0.4646266890738815,-0.34719253772642
1.5434322183292424,-0.46328963144024127,0.13198389550654258,0.20958069534852192,1.0304664022308547,0.761016146074512,0.49326542347960606,0.03475570852745663,-0.3670970186244685,0.14935746433313002,0.6160718471814022,0.29790308794426734
-0.02598801577078444,-1.3904738003575157,-0.18876574074807057,-2.305661638843032,-1.225652219025752,0.14529199661470446,1.3146953693041894,0.17124100379411145,-0.21548583341310124,-0.4547874579171802,-0.6438355010478557,-0.1760179290936059
1.7575001102847365,-1.5507249108445946,-0.8144845177455325,-1.7555855063829737,-2.3130593625836577,-0.11187619106927948,0.39005461391167007,0.07664683905943687,-0.4098645472582429,-0.4285124396894063,0.2805587809075196,-0.17240629576281533
-0.6187597182596076,-0.7737141114562163,-1.5303271332708581,-0.5315061100817362,0.5866423642045918,0.263467801460739,-0.956081881992549,0.5476034652751953,-0.3434363576972441,-0.11258061479331409,-0.22898558926351958,-0.5268116924043991
0.4135025363445365,-1.183384182314383,-1.4474458168221964,0.5340193753171671,-0.7109758293121805,-1.0018469126990182,0.1916134713948051,-0.48989472752022756,0.4094043982515898,-0.09568983739767217,-0.040127644162904694,0.41812779178051773
-0.07305170071329706,-0.5521147685700983,-0.2068548868573216,0.20789682268419307,1.8206997294786325,-0.23929157451932664,-0.5391751815943566,0.40325389673414214,-0.47966126632193934,0.006081304294410728,-0.18715724807073153,-0.5171966231022661
-0.5079982025066092,-0.05709535101904287,0.07203910357081568,-1.6028780635592363,-0.3318392869467268,0.29975015273070393,-0.2256931476176653,-0.24619402371674637,0.4278945131210583,-0.9911746739735574,0.5373131856153541,0.2823304816719323
0.1824457861472937,-1.8623552326721835,-0.3261288523353655,-0.40546522703242605,-1.020368128965629,0.3056708350948672,-0.4562332892365463,-0.19336259426897054,-0.3272471204068755,0.2109481907122016,-0.02885587768922522,0.8416852833734251
1.8845766821599612,-1.0641161583637453,0.7254061451834742,-0.37967106238475556,-0.5979752145092359,-0.5912772653043328,0.26512789749272814,0.4738379972627189,-0.3918727179945926,0.021197125189585553,0.38988748782563665,-0.5913035632729939
1.537489070962073,-0.5497361783666186,-0.9897924735204731,-1.192847349735094,-0.9319919325821112,-0.9161028560403701,-0.34483073987563956,0.7349603850681867,-0.27108331276073516,0.19042787877414719,0.044710350171949145,0.08176713139942607
-1.0349148098232221,0.743970417353146,-0.8109090930649363,0.3127852317391787,-0.59972035487217,0.5046684054752371,0.6779514338210451,-0.34530893155827747,0.4254506176464896,-0.11564597995375275,-0.49418560037521464,-0.3261624043613526
-1.468334224993755,0.288116229552976,-0.7713745734521804,1.6879258139598023,-0.22177344995740578,0.10791749628625524,-0.43803875667393316,-0.07213133603538807,-0.3196904085561003,0.574705196174742,0.2111520608514021,0.24715844205682594
-2.2925758548141895,-0.3438026787302677,0.05081970007609097,0.042118962878760324,0.1413393392060094,0.07919675780915919,0.778055000886301,-0.06688711148480203,-0.06546932100208402,1.0915821650217126,-0.10261353315221321,-0.03182734974234658
0.5986457657581966,-0.6382887483932325,-1.6598067486518493,-1.410895026587339,1.0651083381304207,0.5627976819773901,-0.22164905033648202,-0.49232774965813036,-0.9037407661623724,0.03989267728095797,-0.47485365560810494,-0.3573928160920833
1.308767403668847,-0.23020113922157517,0.6179924682259332,-2.3281736731029694,-1.1696501682088922,1.3742337135463731,0.6398192644426783,0.07633318190841626,-0.29015692784269487,0.5668030975424958,0.006311359491171911,-0.11146902115080616
0.3752840825894145,1.417296774650549,0.774388943965466,-1.8390681360431187,-0.542670730732235,0.2323479000705469,-0.38723959874578234,-0.1935754006178716,0.20046468860442135,-0.8760361318284633,0.717934217776901,0.05199741594795984
-0.5334045481116748,0.12736194307756843,-0.48393112343182026,-0.5517393888086681,-0.6487735974941504,0.09506095050677316,-0.24606011571775127,0.8113006686193676,-0.3834757853416953,-0.7332412909066932,0.7572330448817194,-0.33815374302581724
-1.0406998279347257,-0.45769326302324953,-0.729988672754099,0.09429664236366919,0.26820297192853665,-0.27171878380021025,1.3618256928768637,-0.010261249347355783,-0.16194826042948618,0.7826253918124659,-0.06198666283786851,-0.08843247433262477
0.48167417057387396,1.6679543706420488,-1.2158277112381723,-0.3502186046684181,0.9451679996360898,-0.47604950740722846,0.6440686874624173,-0.571640069071841,-0.05665217028789238,-0.6297345326399777,0.39135655870344166,0.09382690389869955
-0.4822158729434858,1.1951884092144007,1.0399113902794919,-0.47330961860020865,-0.02091901710081622,0.6961542275642512,-0.09764000994705008,-0.23742605291661226,-0.7474479354705084,0.15146959991748304,-0.0991144162803831,-0.12637857780149298
-2.1737246814985505,-0.1629013326962042,-0.08661974168743308,0.019629396900955387,0.16570190415872366,0.07794907424183753,0.4734527931700733,0.4741953355521975,0.03891972658356291,-0.07316186926453569,-0.36746595191106424,0.12522679071727358
2.008394910932868,-1.8416475148089464,1.3436911607476427,0.13470649071212315,-0.06623657576031955,0.6242409309147421,-0.28281988887509385,-0.7904578827451666,0.24449694800278843,0.040051618091526964,0.036148501816927206,0.4399972699322663
0.32770356166460646,-0.19310382441714294,-0.13341641679159522,1.5080902374809506,-1.6218257053300413,-1.1373892234576257,0.43059023754112014,-0.033194710162512575,-0.4547786565814865,0.0014278648571163233,0.051439962400155734,0.8473252473525675
-0.5788308081927728,-0.7697653902624659,0.5024885080659385,-0.07709423482469246,-0.2839836362815762,-0.12588615580428125,-0.6360842851222557,-0.03414915686060693,-0.19215898278326782,0.5326448891166775,-0.20772834514100402,1.0111594133747028
0.8496802611727271,-0.9240328927270203,0.18435045543238862,-0.2331195718292805,0.11902987867069864,0.9333777096976537,0.9755043653114834,0.3647527011141125,0.1696978649246843,0.10467221739322263,0.11866102889314838,0.7778157344563109
-1.8221250922829857,0.5740443307742806,1.3514997100315849,0.5201048227937137,0.4299855364987559,-1.2260423831753497,-0.627893840860591,0.5006337883664415,-0.3886009172071782,0.16142813605327977,-0.19888209296466608,-0.5472286720238092
-1.9111639637570723,-0.8229447934037084,0.7032159253981961,-0.48955619393352373,0.018709071642060073,-0.4305634824069388,0.8496019331830595,0.41424705666423667,0.017687765714161197,-0.21320856905147817,-0.359330317827753,-0.010634375824152692
1.2693839064558616,-0.6320174576719408,0.7215321302426404,-0.2160739182310789,0.18639569216196178,-0.06514861386639842,-0.8656601637866523,0.004976169091015836,0.24918283584483425,-0.3908840418097074,-0.3958189744967572,-0.17193310411889093
1.3747195823012355,0.42854922459424016,1.6919957012171698,-0.465173142596389,-0.6917598172629513,0.5380053359408763,-0.4991797181207395,-0.6305413379276901,0.0677944299876474,-0.6873008030359027,-0.1052557660669091,-0.00847295832526393
1.710401340763834,-0.25100356828164305,-0.5817496625272183,1.3264032892016338,-0.012111604949646304,-1.6432393938146053,0.5005356328029134,0.6066168021389106,-0.42946133138125864,0.14730454305874102,0.10946453122712459,0.11179109485157193
0.6636629558435557,-1.867186512468076,0.07580660644385946,-1.790360260496181,-0.7703923545167916,1.520367691163211,-0.4968543339269506,-0.6562358022878563,-0.6636219737122926,0.6107703240142839,0.02299046052492583,-0.3056778186890853
0.1825544608644228,-0.08912433313962784,0.11661434501128752,-0.7122872842861061,1.7583485973274247,0.24236599359941496,0.11796300004307153,0.10039661659055221,-0.45524422607621756,-0.2563002499830862,0.06671005578759327,0.14735869078873956
0.5258808270412662,1.270836457724235,1.835916464048494,-1.0119350408452,-0.32281076303683065,-0.14149424373135627,-0.5316167765151942,0.3311917643764395,0.683727601099319,0.3622103319780847,0.6773164949273799,-0.377812124344752
0.5604997407264195,1.5538816536126876,-0.21410816527221171,-1.1862874778435453,0.09116035979785761,0.27868067075091835,0.6133062219386813,-0.29728647474707715,0.5441026503336002,0.7187873398720652,-0.0021035165821386287,-0.11605868611167491
-1.718420073652464,-0.12957175106097127,0.6131460002325607,0.005053132297741014,-0.3570175564842892,-0.7565135582225782,1.349623341029907,-0.011364508651692251,-0.135526815235394,0.8571642053228903,-0.06079726438168574,-0.13746239738486232
-0.3358259945230111,1.1547834552745426,0.7754392841967997,-0.8605178879552193,0.8727364212972548,-0.4213019788671744,-0.05860698271286119,-0.3320282906528157,0.19298215574778022,-0.6666666080981418,0.6897982863403088,0.07618962221973505
-0.0677200467314297,-0.7819189287613975,0.27458979982514065,-1.1218549579182935,-0.8239131678589762,0.005453165687944739,0.00924991697595634,-0.5440305266023366,-0.6665237583860933,0.6482242847723021,0.023109221074269562,-0.3209092960896915
1.4401886675264857,-0.34201732499063886,-1.4682875393179384,1.8403179509233147,-0.5810173478001646,0.6136062991854598,-0.592594132273289,0.5828667113863124,-0.36260028940523503,0.28395139539869346,0.10298202646223072,0.3020546046838646
-1.970292716595089,0.7021370498984097,0.08859267037720173,0.12926100770462884,0.22989822613069308,0.1607243782655032,0.304717595123881,0.5357357073325393,0.006377680063849311,0.019216687036746616,-0.3495824033112476,0.20309554232051294
1.0308814329336307,-1.3700627399544887,0.22525679971924337,0.10837165052600845,-0.1885184368452228,-0.14193031249155008,-0.1390073079124931,-0.038815615220295696,-0.6808496726663376,0.7715901973160129,-0.14676975813480309,-0.20815219554291872
-2.8505954039582537,-0.6832664564179901,0.422128610104502,0.37425908672291225,0.5139344596959758,-0.5859189139548908,0.2118188474006268,-0.028831368301033278,-0.4253477404477001,-0.45197753831410714,0.602004716520931,0.14860241737639265
0.01264134636509287,0.38335093340483295,0.7553057875362345,-1.1532395223534742,0.8867503362481839,-0.4126118014623387,-0.8899394389716742,0.5522106760594916,-0.4504333421302703,0.050108437855741594,-0.1832981438098556,-0.5345401525188038
2.6923345666470015,-0.6508147422377447,-1.2988971973978523,2.1862908792821747,1.3088845677511804,1.151460827493024,0.49492227837897984,-0.29540038492563375,-0.9697783483586186,-1.0237608979075534,-0.2048363631924831,0.25056836489276135
2.33158923058099,0.3369213101176921,1.7655387079999103,0.4122974552457556,0.9453677785892145,-0.4764015617640696,0.30199004407475927,-1.1252452045883825,-0.047575623596836314,0.51828860374399,-0.22283709631582133,0.7663039333011338
-0.498326477674479,-0.4106811651263005,-0.03444335803958478,-0.8257596564360898,-0.4916376716244656,0.21570754255211844,-0.3193593581316911,0.693502526544888,-0.15761157964681938,0.0916690052684131,1.2127209382908013,-0.1774182015885832
-1.1189784135370673,0.2810570526710283,0.20684008119127864,-0.7063765278069445,0.06672423786969393,0.10294109765983173,-0.7110459729219443,0.229082637957347,0.45137346434330494,-0.5892439849026982,0.7318786948988772,-0.4543151840769847
-1.4848706693394476,0.31118807415727834,-0.31409923378037186,-0.5327180628993731,0.0612026777140484,0.6279049263038946,-0.4161677500406182,0.13829349617470837,-0.4992300059035721,-0.7411322691065383,0.5093569603580173,0.2556127794022993
0.46605088849383336,0.573720303595986,1.2356928132155096,-1.2567358850915327,-0.36523336586611177,0.6416530512237293,-0.21071158003460183,0.6073127409330168,1.0334691462427668,0.4805718799753918,0.27741272181252563,-0.3652709355323669
-0.5203150889371838,1.717639992581577,-0.6370052040545658,0.8061314903666421,-0.6664381048542415,0.656691376433904,0.20228385810709887,-0.17399413980939846,-0.9368330755130462,-0.3735865696171383,0.5341213933178621,0.019375393258491608
-0.44863308286972464,-2.2200755294031005,1.0678595844087808,1.0407125077312334,-0.3310900914014853,0.34292350210230294,-0.25957737174478285,-0.3998195524172847,-0.6304812267825253,-0.6453017743736453,-0.6017214768771609,0.6393062895249125
2.4325067550973456,-1.24979480643277,1.1632023837550733,0.7085820607853968,1.2026930757535408,0.7969650356403712,-0.7420224383191856,-0.1990047520011221,0.1049149791026901,-0.4147857951299733,-0.3403773435183902,-0.1269298786621129
-0.09957034929790046,-0.6997596741466299,-0.15492949526975563,-1.5854320267615891,-0.8287217690962949,0.0281331953950667,-0.5778463431260608,-0.44769075058021,-0.614537624829135,0.8655367555933429,-0.2914099277286466,0.3366184854341778
-2.8519831616887896,-0.8815901079299098,0.6637737495979871,-0.1849542057167069,0.8618531326852888,-0.030065098043025817,-0.19221491244792904,-0.08225792905180912,-0.401163010423109,-0.2990945558641102,0.5830764309677816,0.1862792751187657
2.4588757998556536,-0.976558489608045,1.2765913850336117,-1.6798093210935225,0.24587673309320435,-1.6596654585164325,0.9777304854331073,-0.6105802067951922,0.36020433161713816,-0.3913293665791996,0.2176589609119951,0.18634177302327873
0.4357751703495346,-0.18939639845893116,0.1512271348856544,-0.839488625763823,-1.3211494874389764,-0.92668415252114,-0.29788865789378755,0.2158586742987636,-0.5540558537776088,0.7600429525326973,-0.1608640790655841,-0.23232580330545413
-0.6267339949322773,-1.0607084448298976,-0.8047615009427879,0.7274302463632094,-1.020484754381195,-0.16387287328124522,0.3405572439186808,0.7440658866584677,-0.00621103599663253,0.06793183976472644,0.6296659986134591,-0.3475761740593787
2.584632561935961,-0.8899742746070756,1.0725127485869466,-0.050392015891844055,1.1564096227531993,0.8988516110425273,-0.3782322254905392,0.3777697267066281,-0.3390451400213189,0.32287154193108164,0.274155501976055,-0.0779539337056677
0.9029168086704044,-2.376001080032192,0.7754944218994395,-1.186178733355,0.0066119397947145275,-0.609355960114871,-0.37528587866130286,0.3739332943383785,-0.2533558276806507,0.3928743845476322,0.015155085058044873,-0.012293841259576749
-0.7566303303276504,0.7100324533540312,-0.28738586494684415,-0.6291194239068689,0.843458638410912,0.2137521076605824,-0.0438102087419438,-0.8578257317503138,0.14717811506777256,0.516634466536757,0.9280415453844255,-0.017517540888245392
-2.47890173306721,-0.38001857698765995,1.2550390235758078,-0.04374271116183431,0.5630595521827091,-0.4887571954146059,0.6690957142390974,0.3641177700790649,0.022365757672830555,0.03763078589990754,-0.3700498484169408,0.0628837548044344
